ataque,w,tipo,t_rel_s,exacto,CS,CMS_med,err_CS,err_CMS_med
ddos,256,mayor incremento,310.0,100008.0,105004.0,105198.0,4996.0,5190.0
ddos,256,mayor decremento,370.0,-100007.0,-104583.0,-104651.0,-4576.0,-4644.0
ddos,256,MAE toda la traza,,,,,345.89156626506025,379.50602409638554
ddos,1024,mayor incremento,310.0,100008.0,99988.0,100056.0,-20.0,48.0
ddos,1024,mayor decremento,370.0,-100007.0,-99947.0,-99971.0,60.0,36.0
ddos,1024,MAE toda la traza,,,,,64.72289156626506,70.07228915662651
ddos,4096,mayor incremento,310.0,100008.0,100000.0,100043.0,-8.0,35.0
ddos,4096,mayor decremento,370.0,-100007.0,-99990.0,-100044.0,17.0,-37.0
ddos,4096,MAE toda la traza,,,,,11.759036144578314,13.457831325301205
ddos,16384,mayor incremento,310.0,100008.0,100009.0,100009.0,1.0,1.0
ddos,16384,mayor decremento,370.0,-100007.0,-100009.0,-100007.0,-2.0,0.0
ddos,16384,MAE toda la traza,,,,,2.3493975903614457,2.63855421686747
scan,256,mayor incremento,310.0,80000.0,79867.0,80078.0,-133.0,78.0
scan,256,mayor decremento,370.0,-80000.0,-79845.0,-79583.0,155.0,417.0
scan,256,MAE toda la traza,,,,,447.7710843373494,365.86746987951807
scan,1024,mayor incremento,310.0,80000.0,79960.0,80025.0,-40.0,25.0
scan,1024,mayor decremento,370.0,-80000.0,-80055.0,-79948.0,-55.0,52.0
scan,1024,MAE toda la traza,,,,,58.01204819277108,52.036144578313255
scan,4096,mayor incremento,310.0,80000.0,79997.0,80001.0,-3.0,1.0
scan,4096,mayor decremento,370.0,-80000.0,-80001.0,-79991.0,-1.0,9.0
scan,4096,MAE toda la traza,,,,,5.963855421686747,6.927710843373494
scan,16384,mayor incremento,310.0,80000.0,79997.0,80000.0,-3.0,0.0
scan,16384,mayor decremento,370.0,-80000.0,-80001.0,-80001.0,-1.0,-1.0
scan,16384,MAE toda la traza,,,,,1.9156626506024097,2.5783132530120483
ddos_bajo,256,mayor incremento,310.0,30008.0,35004.0,35198.0,4996.0,5190.0
ddos_bajo,256,mayor decremento,370.0,-30007.0,-34583.0,-34651.0,-4576.0,-4644.0
ddos_bajo,256,MAE toda la traza,,,,,345.89156626506025,379.50602409638554
ddos_bajo,1024,mayor incremento,310.0,30008.0,29988.0,30056.0,-20.0,48.0
ddos_bajo,1024,mayor decremento,370.0,-30007.0,-29947.0,-29971.0,60.0,36.0
ddos_bajo,1024,MAE toda la traza,,,,,64.72289156626506,70.07228915662651
ddos_bajo,4096,mayor incremento,310.0,30008.0,30000.0,30043.0,-8.0,35.0
ddos_bajo,4096,mayor decremento,370.0,-30007.0,-29990.0,-30044.0,17.0,-37.0
ddos_bajo,4096,MAE toda la traza,,,,,11.759036144578314,13.457831325301205
ddos_bajo,16384,mayor incremento,310.0,30008.0,30009.0,30009.0,1.0,1.0
ddos_bajo,16384,mayor decremento,370.0,-30007.0,-30009.0,-30007.0,-2.0,0.0
ddos_bajo,16384,MAE toda la traza,,,,,2.3493975903614457,2.63855421686747
scan_bajo,256,mayor incremento,310.0,30000.0,29867.0,30078.0,-133.0,78.0
scan_bajo,256,mayor decremento,370.0,-30000.0,-29845.0,-29583.0,155.0,417.0
scan_bajo,256,MAE toda la traza,,,,,447.7710843373494,365.86746987951807
scan_bajo,1024,mayor incremento,310.0,30000.0,29960.0,30025.0,-40.0,25.0
scan_bajo,1024,mayor decremento,370.0,-30000.0,-30055.0,-29948.0,-55.0,52.0
scan_bajo,1024,MAE toda la traza,,,,,58.01204819277108,52.036144578313255
scan_bajo,4096,mayor incremento,310.0,30000.0,29997.0,30001.0,-3.0,1.0
scan_bajo,4096,mayor decremento,370.0,-30000.0,-30001.0,-29991.0,-1.0,9.0
scan_bajo,4096,MAE toda la traza,,,,,5.963855421686747,6.927710843373494
scan_bajo,16384,mayor incremento,310.0,30000.0,29997.0,30000.0,-3.0,0.0
scan_bajo,16384,mayor decremento,370.0,-30000.0,-30001.0,-30001.0,-1.0,-1.0
scan_bajo,16384,MAE toda la traza,,,,,1.9156626506024097,2.5783132530120483
