ataque,sketch,w,semilla,t_rel_s,exact_f,estimado,er
ddos,CMS,256,42,310.0,100051,118019,0.1795884099109454
ddos,CMS,256,42,320.0,200054,218185,0.09063052975696562
ddos,CMS,256,42,330.0,300021,318156,0.06044576879618427
ddos,CMS,256,42,340.0,300021,318092,0.060232450395139005
ddos,CMS,256,42,350.0,300018,317422,0.058009852742168806
ddos,CMS,256,42,360.0,300018,316160,0.053803438460359045
ddos,CMS,256,42,370.0,200011,206895,0.034418107004114774
ddos,CMS,256,42,380.0,100008,106800,0.06791456683465323
ddos,CS,256,42,310.0,100051,111211,0.11154311301236369
ddos,CS,256,42,320.0,200054,211343,0.05642976396372979
ddos,CS,256,42,330.0,300021,311324,0.037674029484602745
ddos,CS,256,42,340.0,300021,311268,0.03748737588368814
ddos,CS,256,42,350.0,300018,309129,0.03036817790932544
ddos,CS,256,42,360.0,300018,305278,0.017532281396449547
ddos,CS,256,42,370.0,200011,200441,0.0021498817565033922
ddos,CS,256,42,380.0,100008,98215,0.01792856571474282
ddos,CMS,1024,42,310.0,100051,101520,0.01468251191892135
ddos,CMS,1024,42,320.0,200054,201569,0.007572955302068442
ddos,CMS,1024,42,330.0,300021,301571,0.005166305025314895
ddos,CMS,1024,42,340.0,300021,301758,0.005789594728369014
ddos,CMS,1024,42,350.0,300018,301770,0.005839649621022739
ddos,CMS,1024,42,360.0,300018,301756,0.005792985754188082
ddos,CMS,1024,42,370.0,200011,201657,0.008229547374894381
ddos,CMS,1024,42,380.0,100008,101601,0.015928725701943845
ddos,CS,1024,42,310.0,100051,100004,0.0004697604221846858
ddos,CS,1024,42,320.0,200054,200001,0.0002649284693132854
ddos,CS,1024,42,330.0,300021,299945,0.00025331560124124646
ddos,CS,1024,42,340.0,300021,300190,0.0005632939027601402
ddos,CS,1024,42,350.0,300018,300200,0.0006066302688505356
ddos,CS,1024,42,360.0,300018,300171,0.0005099694018358898
ddos,CS,1024,42,370.0,200011,201393,0.0069096199709016
ddos,CS,1024,42,380.0,100008,100547,0.005389568834493241
ddos,CMS,4096,42,310.0,100051,100416,0.0036481394488810707
ddos,CMS,4096,42,320.0,200054,200445,0.00195447229248103
ddos,CMS,4096,42,330.0,300021,300395,0.001246579406108239
ddos,CMS,4096,42,340.0,300021,300452,0.001436566107039174
ddos,CMS,4096,42,350.0,300018,300427,0.0013632515382410388
ddos,CMS,4096,42,360.0,300018,300428,0.0013665846715863715
ddos,CMS,4096,42,370.0,200011,200384,0.0018648974306413148
ddos,CMS,4096,42,380.0,100008,100400,0.003919686425085993
ddos,CS,4096,42,310.0,100051,100056,4.997451299837083e-05
ddos,CS,4096,42,320.0,200054,200069,7.497975546602417e-05
ddos,CS,4096,42,330.0,300021,300004,5.666270027764723e-05
ddos,CS,4096,42,340.0,300021,300026,1.666550008166095e-05
ddos,CS,4096,42,350.0,300018,300019,3.3331333453326134e-06
ddos,CS,4096,42,360.0,300018,300022,1.3332533381330453e-05
ddos,CS,4096,42,370.0,200011,200008,1.4999175045372504e-05
ddos,CS,4096,42,380.0,100008,99974,0.00033997280217582594
ddos,CMS,16384,42,310.0,100051,100134,0.0008295769157729558
ddos,CMS,16384,42,320.0,200054,200136,0.0004098893298809322
ddos,CMS,16384,42,330.0,300021,300099,0.00025998180127391083
ddos,CMS,16384,42,340.0,300021,300098,0.00025664870125757864
ddos,CMS,16384,42,350.0,300018,300097,0.00026331753428127645
ddos,CMS,16384,42,360.0,300018,300099,0.00026998380097194167
ddos,CMS,16384,42,370.0,200011,200094,0.00041497717625530594
ddos,CMS,16384,42,380.0,100008,100089,0.0008099352051835853
ddos,CS,16384,42,310.0,100051,100036,0.00014992353899511248
ddos,CS,16384,42,320.0,200054,200048,2.999190218640967e-05
ddos,CS,16384,42,330.0,300021,300011,3.33310001633219e-05
ddos,CS,16384,42,340.0,300021,300014,2.333170011432533e-05
ddos,CS,16384,42,350.0,300018,300011,2.3331933417328294e-05
ddos,CS,16384,42,360.0,300018,300014,1.3332533381330453e-05
ddos,CS,16384,42,370.0,200011,200007,1.999890006049667e-05
ddos,CS,16384,42,380.0,100008,100002,5.999520038396928e-05
ddos,CMS,256,7,310.0,100051,106841,0.0678653886517876
ddos,CMS,256,7,320.0,200054,206961,0.03452567806692193
ddos,CMS,256,7,330.0,300021,307062,0.02346835721499495
ddos,CMS,256,7,340.0,300021,307123,0.023671676315991215
ddos,CMS,256,7,350.0,300018,307259,0.024135218553553453
ddos,CMS,256,7,360.0,300018,307428,0.024698518088914666
ddos,CMS,256,7,370.0,200011,207268,0.036283004434756086
ddos,CMS,256,7,380.0,100008,107761,0.07752379809615231
ddos,CS,256,7,310.0,100051,99677,0.003738093572278138
ddos,CS,256,7,320.0,200054,199667,0.0019344776910234236
ddos,CS,256,7,330.0,300021,299596,0.0014165675069411807
ddos,CS,256,7,340.0,300021,299683,0.0011265878055202803
ddos,CS,256,7,350.0,300018,299515,0.0016765660727023045
ddos,CS,256,7,360.0,300018,299436,0.001939883606983581
ddos,CS,256,7,370.0,200011,199504,0.0025348605826679533
ddos,CS,256,7,380.0,100008,100050,0.000419966402687785
ddos,CMS,1024,7,310.0,100051,101571,0.015192251951504733
ddos,CMS,1024,7,320.0,200054,201613,0.007792895918102113
ddos,CMS,1024,7,330.0,300021,301540,0.005062978924808597
ddos,CMS,1024,7,340.0,300021,301532,0.005036314124677939
ddos,CMS,1024,7,350.0,300018,301538,0.005066362684905572
ddos,CMS,1024,7,360.0,300018,301535,0.0050563632848695745
ddos,CMS,1024,7,370.0,200011,201493,0.007409592472414017
ddos,CMS,1024,7,380.0,100008,101447,0.014388848892088633
ddos,CS,1024,7,310.0,100051,99994,0.0005697094481814275
ddos,CS,1024,7,320.0,200054,199990,0.00031991362332170313
ddos,CS,1024,7,330.0,300021,300032,3.666410017965409e-05
ddos,CS,1024,7,340.0,300021,300076,0.00018332050089827045
ddos,CS,1024,7,350.0,300018,300048,9.99940003599784e-05
ddos,CS,1024,7,360.0,300018,300061,0.00014332473384930238
ddos,CS,1024,7,370.0,200011,200062,0.0002549859757713326
ddos,CS,1024,7,380.0,100008,100104,0.0009599232061435085
ddos,CMS,4096,7,310.0,100051,100427,0.0037580833774774865
ddos,CMS,4096,7,320.0,200054,200435,0.001904485788837014
ddos,CMS,4096,7,330.0,300021,300365,0.0011465864056182733
ddos,CMS,4096,7,340.0,300021,300374,0.0011765843057652632
ddos,CMS,4096,7,350.0,300018,300374,0.0011865954709384104
ddos,CMS,4096,7,360.0,300018,300351,0.0011099334039957603
ddos,CMS,4096,7,370.0,200011,200346,0.0016749078800665964
ddos,CMS,4096,7,380.0,100008,100338,0.0032997360211183104
ddos,CS,4096,7,310.0,100051,100069,0.000179908246794135
ddos,CS,4096,7,320.0,200054,200083,0.00014496086056764673
ddos,CS,4096,7,330.0,300021,300040,6.332890031031161e-05
ddos,CS,4096,7,340.0,300021,300045,7.999440039197257e-05
ddos,CS,4096,7,350.0,300018,300035,5.666326687065443e-05
ddos,CS,4096,7,360.0,300018,300019,3.3331333453326134e-06
ddos,CS,4096,7,370.0,200011,199996,7.499587522686252e-05
ddos,CS,4096,7,380.0,100008,99993,0.0001499880009599232
ddos,CMS,16384,7,310.0,100051,100128,0.0007696075001749108
ddos,CMS,16384,7,320.0,200054,200133,0.0003948933787877273
ddos,CMS,16384,7,330.0,300021,300099,0.00025998180127391083
ddos,CMS,16384,7,340.0,300021,300096,0.00024998250122491427
ddos,CMS,16384,7,350.0,300018,300098,0.00026665066762660906
ddos,CMS,16384,7,360.0,300018,300093,0.000249985000899946
ddos,CMS,16384,7,370.0,200011,200091,0.00039997800120993346
ddos,CMS,16384,7,380.0,100008,100085,0.0007699384049276058
ddos,CS,16384,7,310.0,100051,100056,4.997451299837083e-05
ddos,CS,16384,7,320.0,200054,200061,3.499055255081128e-05
ddos,CS,16384,7,330.0,300021,300031,3.33310001633219e-05
ddos,CS,16384,7,340.0,300021,300028,2.333170011432533e-05
ddos,CS,16384,7,350.0,300018,300024,1.9998800071995682e-05
ddos,CS,16384,7,360.0,300018,300026,2.6665066762660907e-05
ddos,CS,16384,7,370.0,200011,200014,1.4999175045372504e-05
ddos,CS,16384,7,380.0,100008,100008,0.0
ddos,CMS,256,1234,310.0,100051,107786,0.07731057160847968
ddos,CMS,256,1234,320.0,200054,208074,0.04008917592250093
ddos,CMS,256,1234,330.0,300021,308018,0.026654800830608526
ddos,CMS,256,1234,340.0,300021,307977,0.026518143729938905
ddos,CMS,256,1234,350.0,300018,308162,0.027145037964388802
ddos,CMS,256,1234,360.0,300018,308118,0.02699838009719417
ddos,CMS,256,1234,370.0,200011,207933,0.03960782156981366
ddos,CMS,256,1234,380.0,100008,107332,0.07323414126869851
ddos,CS,256,1234,310.0,100051,100310,0.002588679773315609
ddos,CS,256,1234,320.0,200054,200860,0.004028912193707699
ddos,CS,256,1234,330.0,300021,301456,0.0047829985234366925
ddos,CS,256,1234,340.0,300021,301470,0.004829661923665344
ddos,CS,256,1234,350.0,300018,301316,0.0043264070822417325
ddos,CS,256,1234,360.0,300018,301831,0.006042970755088028
ddos,CS,256,1234,370.0,200011,201928,0.009584472853993031
ddos,CS,256,1234,380.0,100008,100960,0.009519238460923125
ddos,CMS,1024,1234,310.0,100051,101623,0.01571198688668779
ddos,CMS,1024,1234,320.0,200054,201652,0.007987843282313774
ddos,CMS,1024,1234,330.0,300021,301594,0.005242966325690535
ddos,CMS,1024,1234,340.0,300021,301639,0.005392955826425483
ddos,CMS,1024,1234,350.0,300018,301650,0.005439673619582825
ddos,CMS,1024,1234,360.0,300018,301602,0.00527968321900686
ddos,CMS,1024,1234,370.0,200011,201607,0.007979561124138172
ddos,CMS,1024,1234,380.0,100008,101710,0.017018638508919288
ddos,CS,1024,1234,310.0,100051,100253,0.0020189703251341814
ddos,CS,1024,1234,320.0,200054,200252,0.000989732772151519
ddos,CS,1024,1234,330.0,300021,300196,0.0005832925028581333
ddos,CS,1024,1234,340.0,300021,300149,0.00042663680209052034
ddos,CS,1024,1234,350.0,300018,300188,0.0005666326687065443
ddos,CS,1024,1234,360.0,300018,301357,0.004463065549400369
ddos,CS,1024,1234,370.0,200011,200792,0.0039047852368119754
ddos,CS,1024,1234,380.0,100008,100738,0.007299416046716262
ddos,CMS,4096,1234,310.0,100051,100405,0.003538195520284655
ddos,CMS,4096,1234,320.0,200054,200433,0.0018944884881082107
ddos,CMS,4096,1234,330.0,300021,300399,0.0012599118061735678
ddos,CMS,4096,1234,340.0,300021,300410,0.001296575906353222
ddos,CMS,4096,1234,350.0,300018,300375,0.0011899286042837429
ddos,CMS,4096,1234,360.0,300018,300365,0.0011565972708304168
ddos,CMS,4096,1234,370.0,200011,200361,0.0017499037552934588
ddos,CMS,4096,1234,380.0,100008,100345,0.0033697304215662745
ddos,CS,4096,1234,310.0,100051,100077,0.0002598674675915283
ddos,CS,4096,1234,320.0,200054,200097,0.0002149419656692693
ddos,CS,4096,1234,330.0,300021,300058,0.00012332470060429104
ddos,CS,4096,1234,340.0,300021,300068,0.00015665570076761292
ddos,CS,4096,1234,350.0,300018,300077,0.00019665486737462418
ddos,CS,4096,1234,360.0,300018,300074,0.00018665546733862636
ddos,CS,4096,1234,370.0,200011,200063,0.00025998570078645676
ddos,CS,4096,1234,380.0,100008,100053,0.00044996400287976963
ddos,CMS,16384,1234,310.0,100051,100132,0.0008095871105736074
ddos,CMS,16384,1234,320.0,200054,200136,0.0004098893298809322
ddos,CMS,16384,1234,330.0,300021,300108,0.0002899797014209005
ddos,CMS,16384,1234,340.0,300021,300103,0.0002733142013392396
ddos,CMS,16384,1234,350.0,300018,300106,0.00029331573438927
ddos,CMS,16384,1234,360.0,300018,300104,0.00028664946769860477
ddos,CMS,16384,1234,370.0,200011,200098,0.00043497607631580264
ddos,CMS,16384,1234,380.0,100008,100091,0.0008299336053115751
ddos,CS,16384,1234,310.0,100051,100053,1.9989805199348333e-05
ddos,CS,16384,1234,320.0,200054,200056,9.997300728803223e-06
ddos,CS,16384,1234,330.0,300021,300024,9.999300048996571e-06
ddos,CS,16384,1234,340.0,300021,300027,1.9998600097993142e-05
ddos,CS,16384,1234,350.0,300018,300028,3.333133345332613e-05
ddos,CS,16384,1234,360.0,300018,300024,1.9998800071995682e-05
ddos,CS,16384,1234,370.0,200011,200017,2.999835009074501e-05
ddos,CS,16384,1234,380.0,100008,100015,6.999440044796416e-05
scan,CMS,256,42,310.0,80000,84933,0.0616625
scan,CMS,256,42,320.0,160000,166201,0.03875625
scan,CMS,256,42,330.0,240000,247060,0.029416666666666667
scan,CMS,256,42,340.0,240000,246295,0.026229166666666668
scan,CMS,256,42,350.0,240000,248103,0.0337625
scan,CMS,256,42,360.0,240000,249368,0.03903333333333334
scan,CMS,256,42,370.0,160000,170436,0.065225
scan,CMS,256,42,380.0,80000,89661,0.1207625
scan,CS,256,42,310.0,80000,82793,0.0349125
scan,CS,256,42,320.0,160000,162342,0.0146375
scan,CS,256,42,330.0,240000,239254,0.003108333333333333
scan,CS,256,42,340.0,240000,242704,0.011266666666666666
scan,CS,256,42,350.0,240000,243552,0.0148
scan,CS,256,42,360.0,240000,243858,0.016075
scan,CS,256,42,370.0,160000,164221,0.02638125
scan,CS,256,42,380.0,80000,84213,0.0526625
scan,CMS,1024,42,310.0,80000,80880,0.011
scan,CMS,1024,42,320.0,160000,160916,0.005725
scan,CMS,1024,42,330.0,240000,240831,0.0034625
scan,CMS,1024,42,340.0,240000,240794,0.0033083333333333333
scan,CMS,1024,42,350.0,240000,240760,0.0031666666666666666
scan,CMS,1024,42,360.0,240000,240736,0.0030666666666666668
scan,CMS,1024,42,370.0,160000,160700,0.004375
scan,CMS,1024,42,380.0,80000,80747,0.0093375
scan,CS,1024,42,310.0,80000,79776,0.0028
scan,CS,1024,42,320.0,160000,159754,0.0015375
scan,CS,1024,42,330.0,240000,239847,0.0006375
scan,CS,1024,42,340.0,240000,239894,0.00044166666666666665
scan,CS,1024,42,350.0,240000,239926,0.0003083333333333333
scan,CS,1024,42,360.0,240000,239924,0.00031666666666666665
scan,CS,1024,42,370.0,160000,159982,0.0001125
scan,CS,1024,42,380.0,80000,79680,0.004
scan,CMS,4096,42,310.0,80000,80141,0.0017625
scan,CMS,4096,42,320.0,160000,160127,0.00079375
scan,CMS,4096,42,330.0,240000,240115,0.00047916666666666664
scan,CMS,4096,42,340.0,240000,240118,0.0004916666666666666
scan,CMS,4096,42,350.0,240000,240123,0.0005125
scan,CMS,4096,42,360.0,240000,240123,0.0005125
scan,CMS,4096,42,370.0,160000,160132,0.000825
scan,CMS,4096,42,380.0,80000,80132,0.00165
scan,CS,4096,42,310.0,80000,79959,0.0005125
scan,CS,4096,42,320.0,160000,159959,0.00025625
scan,CS,4096,42,330.0,240000,239977,9.583333333333334e-05
scan,CS,4096,42,340.0,240000,239992,3.3333333333333335e-05
scan,CS,4096,42,350.0,240000,239987,5.4166666666666664e-05
scan,CS,4096,42,360.0,240000,239987,5.4166666666666664e-05
scan,CS,4096,42,370.0,160000,159968,0.0002
scan,CS,4096,42,380.0,80000,79973,0.0003375
scan,CMS,16384,42,310.0,80000,80029,0.0003625
scan,CMS,16384,42,320.0,160000,160027,0.00016875
scan,CMS,16384,42,330.0,240000,240023,9.583333333333334e-05
scan,CMS,16384,42,340.0,240000,240020,8.333333333333333e-05
scan,CMS,16384,42,350.0,240000,240020,8.333333333333333e-05
scan,CMS,16384,42,360.0,240000,240023,9.583333333333334e-05
scan,CMS,16384,42,370.0,160000,160015,9.375e-05
scan,CMS,16384,42,380.0,80000,80024,0.0003
scan,CS,16384,42,310.0,80000,79997,3.75e-05
scan,CS,16384,42,320.0,160000,159997,1.875e-05
scan,CS,16384,42,330.0,240000,239997,1.25e-05
scan,CS,16384,42,340.0,240000,239998,8.333333333333334e-06
scan,CS,16384,42,350.0,240000,239989,4.5833333333333334e-05
scan,CS,16384,42,360.0,240000,239990,4.1666666666666665e-05
scan,CS,16384,42,370.0,160000,159976,0.00015
scan,CS,16384,42,380.0,80000,79977,0.0002875
scan,CMS,256,7,310.0,80000,84847,0.0605875
scan,CMS,256,7,320.0,160000,165173,0.03233125
scan,CMS,256,7,330.0,240000,245126,0.021358333333333333
scan,CMS,256,7,340.0,240000,245425,0.022604166666666668
scan,CMS,256,7,350.0,240000,244629,0.0192875
scan,CMS,256,7,360.0,240000,243945,0.0164375
scan,CMS,256,7,370.0,160000,163885,0.02428125
scan,CMS,256,7,380.0,80000,83816,0.0477
scan,CS,256,7,310.0,80000,74579,0.0677625
scan,CS,256,7,320.0,160000,156905,0.01934375
scan,CS,256,7,330.0,240000,237118,0.012008333333333333
scan,CS,256,7,340.0,240000,237609,0.0099625
scan,CS,256,7,350.0,240000,238592,0.005866666666666667
scan,CS,256,7,360.0,240000,239087,0.0038041666666666666
scan,CS,256,7,370.0,160000,159323,0.00423125
scan,CS,256,7,380.0,80000,79322,0.008475
scan,CMS,1024,7,310.0,80000,80908,0.01135
scan,CMS,1024,7,320.0,160000,160854,0.0053375
scan,CMS,1024,7,330.0,240000,240660,0.00275
scan,CMS,1024,7,340.0,240000,240684,0.00285
scan,CMS,1024,7,350.0,240000,240683,0.0028458333333333335
scan,CMS,1024,7,360.0,240000,240584,0.0024333333333333334
scan,CMS,1024,7,370.0,160000,160585,0.00365625
scan,CMS,1024,7,380.0,80000,80566,0.007075
scan,CS,1024,7,310.0,80000,79890,0.001375
scan,CS,1024,7,320.0,160000,160020,0.000125
scan,CS,1024,7,330.0,240000,239781,0.0009125
scan,CS,1024,7,340.0,240000,239869,0.0005458333333333333
scan,CS,1024,7,350.0,240000,239793,0.0008625
scan,CS,1024,7,360.0,240000,239846,0.0006416666666666667
scan,CS,1024,7,370.0,160000,159833,0.00104375
scan,CS,1024,7,380.0,80000,79894,0.001325
scan,CMS,4096,7,310.0,80000,80083,0.0010375
scan,CMS,4096,7,320.0,160000,160082,0.0005125
scan,CMS,4096,7,330.0,240000,240075,0.0003125
scan,CMS,4096,7,340.0,240000,240083,0.00034583333333333335
scan,CMS,4096,7,350.0,240000,240090,0.000375
scan,CMS,4096,7,360.0,240000,240090,0.000375
scan,CMS,4096,7,370.0,160000,160092,0.000575
scan,CMS,4096,7,380.0,80000,80105,0.0013125
scan,CS,4096,7,310.0,80000,80013,0.0001625
scan,CS,4096,7,320.0,160000,160006,3.75e-05
scan,CS,4096,7,330.0,240000,240003,1.25e-05
scan,CS,4096,7,340.0,240000,240005,2.0833333333333333e-05
scan,CS,4096,7,350.0,240000,240010,4.1666666666666665e-05
scan,CS,4096,7,360.0,240000,240022,9.166666666666667e-05
scan,CS,4096,7,370.0,160000,160022,0.0001375
scan,CS,4096,7,380.0,80000,80013,0.0001625
scan,CMS,16384,7,310.0,80000,80022,0.000275
scan,CMS,16384,7,320.0,160000,160023,0.00014375
scan,CMS,16384,7,330.0,240000,240017,7.083333333333334e-05
scan,CMS,16384,7,340.0,240000,240023,9.583333333333334e-05
scan,CMS,16384,7,350.0,240000,240027,0.0001125
scan,CMS,16384,7,360.0,240000,240023,9.583333333333334e-05
scan,CMS,16384,7,370.0,160000,160023,0.00014375
scan,CMS,16384,7,380.0,80000,80022,0.000275
scan,CS,16384,7,310.0,80000,79995,6.25e-05
scan,CS,16384,7,320.0,160000,159997,1.875e-05
scan,CS,16384,7,330.0,240000,240003,1.25e-05
scan,CS,16384,7,340.0,240000,240005,2.0833333333333333e-05
scan,CS,16384,7,350.0,240000,240007,2.9166666666666666e-05
scan,CS,16384,7,360.0,240000,240005,2.0833333333333333e-05
scan,CS,16384,7,370.0,160000,160003,1.875e-05
scan,CS,16384,7,380.0,80000,79998,2.5e-05
scan,CMS,256,1234,310.0,80000,87515,0.0939375
scan,CMS,256,1234,320.0,160000,167255,0.04534375
scan,CMS,256,1234,330.0,240000,246805,0.028354166666666666
scan,CMS,256,1234,340.0,240000,246360,0.0265
scan,CMS,256,1234,350.0,240000,245942,0.024758333333333334
scan,CMS,256,1234,360.0,240000,245873,0.024470833333333334
scan,CMS,256,1234,370.0,160000,165675,0.03546875
scan,CMS,256,1234,380.0,80000,84932,0.06165
scan,CS,256,1234,310.0,80000,76354,0.045575
scan,CS,256,1234,320.0,160000,158524,0.009225
scan,CS,256,1234,330.0,240000,242003,0.008345833333333334
scan,CS,256,1234,340.0,240000,242993,0.012470833333333334
scan,CS,256,1234,350.0,240000,241457,0.0060708333333333335
scan,CS,256,1234,360.0,240000,239932,0.00028333333333333335
scan,CS,256,1234,370.0,160000,157715,0.01428125
scan,CS,256,1234,380.0,80000,78504,0.0187
scan,CMS,1024,1234,310.0,80000,80475,0.0059375
scan,CMS,1024,1234,320.0,160000,160450,0.0028125
scan,CMS,1024,1234,330.0,240000,240449,0.0018708333333333333
scan,CMS,1024,1234,340.0,240000,240470,0.001958333333333333
scan,CMS,1024,1234,350.0,240000,240474,0.001975
scan,CMS,1024,1234,360.0,240000,240447,0.0018625
scan,CMS,1024,1234,370.0,160000,160433,0.00270625
scan,CMS,1024,1234,380.0,80000,80437,0.0054625
scan,CS,1024,1234,310.0,80000,79994,7.5e-05
scan,CS,1024,1234,320.0,160000,159998,1.25e-05
scan,CS,1024,1234,330.0,240000,239993,2.9166666666666666e-05
scan,CS,1024,1234,340.0,240000,240003,1.25e-05
scan,CS,1024,1234,350.0,240000,239995,2.0833333333333333e-05
scan,CS,1024,1234,360.0,240000,239975,0.00010416666666666667
scan,CS,1024,1234,370.0,160000,160009,5.625e-05
scan,CS,1024,1234,380.0,80000,80013,0.0001625
scan,CMS,4096,1234,310.0,80000,80129,0.0016125
scan,CMS,4096,1234,320.0,160000,160122,0.0007625
scan,CMS,4096,1234,330.0,240000,240111,0.0004625
scan,CMS,4096,1234,340.0,240000,240114,0.000475
scan,CMS,4096,1234,350.0,240000,240116,0.00048333333333333334
scan,CMS,4096,1234,360.0,240000,240100,0.0004166666666666667
scan,CMS,4096,1234,370.0,160000,160084,0.000525
scan,CMS,4096,1234,380.0,80000,80080,0.001
scan,CS,4096,1234,310.0,80000,80045,0.0005625
scan,CS,4096,1234,320.0,160000,160036,0.000225
scan,CS,4096,1234,330.0,240000,240047,0.00019583333333333334
scan,CS,4096,1234,340.0,240000,240044,0.00018333333333333334
scan,CS,4096,1234,350.0,240000,240040,0.00016666666666666666
scan,CS,4096,1234,360.0,240000,240044,0.00018333333333333334
scan,CS,4096,1234,370.0,160000,160042,0.0002625
scan,CS,4096,1234,380.0,80000,80042,0.000525
scan,CMS,16384,1234,310.0,80000,80023,0.0002875
scan,CMS,16384,1234,320.0,160000,160024,0.00015
scan,CMS,16384,1234,330.0,240000,240026,0.00010833333333333333
scan,CMS,16384,1234,340.0,240000,240023,9.583333333333334e-05
scan,CMS,16384,1234,350.0,240000,240022,9.166666666666667e-05
scan,CMS,16384,1234,360.0,240000,240024,0.0001
scan,CMS,16384,1234,370.0,160000,160023,0.00014375
scan,CMS,16384,1234,380.0,80000,80022,0.000275
scan,CS,16384,1234,310.0,80000,80001,1.25e-05
scan,CS,16384,1234,320.0,160000,159999,6.25e-06
scan,CS,16384,1234,330.0,240000,239998,8.333333333333334e-06
scan,CS,16384,1234,340.0,240000,239999,4.166666666666667e-06
scan,CS,16384,1234,350.0,240000,239996,1.6666666666666667e-05
scan,CS,16384,1234,360.0,240000,240003,1.25e-05
scan,CS,16384,1234,370.0,160000,160003,1.875e-05
scan,CS,16384,1234,380.0,80000,80007,8.75e-05
ddos_bajo,CMS,256,42,310.0,30051,48019,0.5979168746464344
ddos_bajo,CMS,256,42,320.0,60054,78185,0.3019116128817398
ddos_bajo,CMS,256,42,330.0,90021,108156,0.20145299430132968
ddos_bajo,CMS,256,42,340.0,90021,108092,0.20074204907743748
ddos_bajo,CMS,256,42,350.0,90018,107422,0.19333910995578663
ddos_bajo,CMS,256,42,360.0,90018,106160,0.1793196916172321
ddos_bajo,CMS,256,42,370.0,60011,66895,0.11471230274449684
ddos_bajo,CMS,256,42,380.0,30008,36800,0.22633964276193017
ddos_bajo,CS,256,42,310.0,30051,41211,0.3713686732554657
ddos_bajo,CS,256,42,320.0,60054,71343,0.18798081726446197
ddos_bajo,CS,256,42,330.0,90021,101324,0.12555959165083702
ddos_bajo,CS,256,42,340.0,90021,101268,0.12493751457993135
ddos_bajo,CS,256,42,350.0,90018,99129,0.1012130907151903
ddos_bajo,CS,256,42,360.0,90018,95278,0.05843275789286587
ddos_bajo,CS,256,42,370.0,60011,60441,0.007165353018613254
ddos_bajo,CS,256,42,380.0,30008,28215,0.059750733137829914
ddos_bajo,CMS,1024,42,310.0,30051,31520,0.048883564606835045
ddos_bajo,CMS,1024,42,320.0,60054,61569,0.0252272954341093
ddos_bajo,CMS,1024,42,330.0,90021,91571,0.01721820464113929
ddos_bajo,CMS,1024,42,340.0,90021,91758,0.01929549771719932
ddos_bajo,CMS,1024,42,350.0,90018,91770,0.019462774111844296
ddos_bajo,CMS,1024,42,360.0,90018,91756,0.019307249661178874
ddos_bajo,CMS,1024,42,370.0,60011,61657,0.02742830481078469
ddos_bajo,CMS,1024,42,380.0,30008,31601,0.053085843774993334
ddos_bajo,CS,1024,42,310.0,30051,30004,0.0015640078533160295
ddos_bajo,CS,1024,42,320.0,60054,60001,0.0008825390481899623
ddos_bajo,CS,1024,42,330.0,90021,89945,0.000844247453371991
ddos_bajo,CS,1024,42,340.0,90021,90190,0.0018773397318403483
ddos_bajo,CS,1024,42,350.0,90018,90200,0.0020218178586504923
ddos_bajo,CS,1024,42,360.0,90018,90171,0.0016996600679864027
ddos_bajo,CS,1024,42,370.0,60011,61393,0.023029111329589576
ddos_bajo,CS,1024,42,380.0,30008,30547,0.017961876832844576
ddos_bajo,CMS,4096,42,310.0,30051,30416,0.012146018435326611
ddos_bajo,CMS,4096,42,320.0,60054,60445,0.006510806940420289
ddos_bajo,CMS,4096,42,330.0,90021,90395,0.0041545861521200605
ddos_bajo,CMS,4096,42,340.0,90021,90452,0.004787771742149054
ddos_bajo,CMS,4096,42,350.0,90018,90427,0.004543535737296985
ddos_bajo,CMS,4096,42,360.0,90018,90428,0.0045546446266302295
ddos_bajo,CMS,4096,42,370.0,60011,60384,0.0062155271533552185
ddos_bajo,CMS,4096,42,380.0,30008,30400,0.013063183151159691
ddos_bajo,CS,4096,42,310.0,30051,30056,0.00016638381418255632
ddos_bajo,CS,4096,42,320.0,60054,60069,0.0002497752023179139
ddos_bajo,CS,4096,42,330.0,90021,90004,0.00018884482509636642
ddos_bajo,CS,4096,42,340.0,90021,90026,5.5542595616578354e-05
ddos_bajo,CS,4096,42,350.0,90018,90019,1.1108889333244462e-05
ddos_bajo,CS,4096,42,360.0,90018,90022,4.443555733297785e-05
ddos_bajo,CS,4096,42,370.0,60011,60008,4.999083501358084e-05
ddos_bajo,CS,4096,42,380.0,30008,29974,0.0011330311916822181
ddos_bajo,CMS,16384,42,310.0,30051,30134,0.002761971315430435
ddos_bajo,CMS,16384,42,320.0,60054,60136,0.0013654377726712626
ddos_bajo,CMS,16384,42,330.0,90021,90099,0.0008664644916186223
ddos_bajo,CMS,16384,42,340.0,90021,90098,0.0008553559724953066
ddos_bajo,CMS,16384,42,350.0,90018,90097,0.0008776022573263125
ddos_bajo,CMS,16384,42,360.0,90018,90099,0.0008998200359928015
ddos_bajo,CMS,16384,42,370.0,60011,60094,0.00138307976870907
ddos_bajo,CMS,16384,42,380.0,30008,30089,0.0026992801919488137
ddos_bajo,CS,16384,42,310.0,30051,30036,0.000499151442547669
ddos_bajo,CS,16384,42,320.0,60054,60048,9.991008092716555e-05
ddos_bajo,CS,16384,42,330.0,90021,90011,0.00011108519123315671
ddos_bajo,CS,16384,42,340.0,90021,90014,7.77596338632097e-05
ddos_bajo,CS,16384,42,350.0,90018,90011,7.776222533271124e-05
ddos_bajo,CS,16384,42,360.0,90018,90014,4.443555733297785e-05
ddos_bajo,CS,16384,42,370.0,60011,60007,6.665444668477446e-05
ddos_bajo,CS,16384,42,380.0,30008,30002,0.0001999466808850973
ddos_bajo,CMS,256,7,310.0,30051,36841,0.2259492196599115
ddos_bajo,CMS,256,7,320.0,60054,66961,0.11501315482732208
ddos_bajo,CMS,256,7,330.0,90021,97062,0.07821508314726563
ddos_bajo,CMS,256,7,340.0,90021,97123,0.0788927028137879
ddos_bajo,CMS,256,7,350.0,90018,97259,0.08043946766202315
ddos_bajo,CMS,256,7,360.0,90018,97428,0.08231686995934147
ddos_bajo,CMS,256,7,370.0,60011,67268,0.12092782989785206
ddos_bajo,CMS,256,7,380.0,30008,37761,0.2583644361503599
ddos_bajo,CS,256,7,310.0,30051,29677,0.012445509300855213
ddos_bajo,CS,256,7,320.0,60054,59667,0.006444200219802178
ddos_bajo,CS,256,7,330.0,90021,89596,0.00472112062740916
ddos_bajo,CS,256,7,340.0,90021,89683,0.0037546794636806966
ddos_bajo,CS,256,7,350.0,90018,89515,0.005587771334621965
ddos_bajo,CS,256,7,360.0,90018,89436,0.006465373591948277
ddos_bajo,CS,256,7,370.0,60011,59504,0.008448451117295162
ddos_bajo,CS,256,7,380.0,30008,30050,0.001399626766195681
ddos_bajo,CMS,1024,7,310.0,30051,31571,0.05058067951149712
ddos_bajo,CMS,1024,7,320.0,60054,61613,0.025959969360908514
ddos_bajo,CMS,1024,7,330.0,90021,91540,0.016873840548316504
ddos_bajo,CMS,1024,7,340.0,90021,91532,0.01678497239532998
ddos_bajo,CMS,1024,7,350.0,90018,91538,0.016885511786531582
ddos_bajo,CMS,1024,7,360.0,90018,91535,0.01685218511853185
ddos_bajo,CMS,1024,7,370.0,60011,61493,0.024695472496708937
ddos_bajo,CMS,1024,7,380.0,30008,31447,0.047953878965609174
ddos_bajo,CS,1024,7,310.0,30051,29994,0.001896775481681142
ddos_bajo,CS,1024,7,320.0,60054,59990,0.001065707529889766
ddos_bajo,CS,1024,7,330.0,90021,90032,0.0001221937103564724
ddos_bajo,CS,1024,7,340.0,90021,90076,0.0006109685517823619
ddos_bajo,CS,1024,7,350.0,90018,90048,0.00033326667999733386
ddos_bajo,CS,1024,7,360.0,90018,90061,0.0004776822413295119
ddos_bajo,CS,1024,7,370.0,60011,60062,0.0008498441952308743
ddos_bajo,CS,1024,7,380.0,30008,30104,0.003199146894161557
ddos_bajo,CMS,4096,7,310.0,30051,30427,0.012512062826528236
ddos_bajo,CMS,4096,7,320.0,60054,60435,0.006344290138875013
ddos_bajo,CMS,4096,7,330.0,90021,90365,0.003821330578420591
ddos_bajo,CMS,4096,7,340.0,90021,90374,0.003921307250530432
ddos_bajo,CMS,4096,7,350.0,90018,90374,0.003954764602635028
ddos_bajo,CMS,4096,7,360.0,90018,90351,0.003699260147970406
ddos_bajo,CMS,4096,7,370.0,60011,60346,0.005582309909849861
ddos_bajo,CMS,4096,7,380.0,30008,30338,0.010997067448680353
ddos_bajo,CS,4096,7,310.0,30051,30069,0.0005989817310572028
ddos_bajo,CS,4096,7,320.0,60054,60083,0.00048289872448130014
ddos_bajo,CS,4096,7,330.0,90021,90040,0.00021106186334299775
ddos_bajo,CS,4096,7,340.0,90021,90045,0.0002666044589595761
ddos_bajo,CS,4096,7,350.0,90018,90035,0.00018885111866515585
ddos_bajo,CS,4096,7,360.0,90018,90019,1.1108889333244462e-05
ddos_bajo,CS,4096,7,370.0,60011,59996,0.0002499541750679042
ddos_bajo,CS,4096,7,380.0,30008,29993,0.0004998667022127433
ddos_bajo,CMS,16384,7,310.0,30051,30128,0.002562310738411367
ddos_bajo,CMS,16384,7,320.0,60054,60133,0.0013154827322076797
ddos_bajo,CMS,16384,7,330.0,90021,90099,0.0008664644916186223
ddos_bajo,CMS,16384,7,340.0,90021,90096,0.0008331389342486754
ddos_bajo,CMS,16384,7,350.0,90018,90098,0.0008887111466595569
ddos_bajo,CMS,16384,7,360.0,90018,90093,0.0008331666999933347
ddos_bajo,CMS,16384,7,370.0,60011,60091,0.0013330889336954893
ddos_bajo,CMS,16384,7,380.0,30008,30085,0.002565982404692082
ddos_bajo,CS,16384,7,310.0,30051,30056,0.00016638381418255632
ddos_bajo,CS,16384,7,320.0,60054,60061,0.00011656176108169315
ddos_bajo,CS,16384,7,330.0,90021,90031,0.00011108519123315671
ddos_bajo,CS,16384,7,340.0,90021,90028,7.77596338632097e-05
ddos_bajo,CS,16384,7,350.0,90018,90024,6.665333599946678e-05
ddos_bajo,CS,16384,7,360.0,90018,90026,8.88711146659557e-05
ddos_bajo,CS,16384,7,370.0,60011,60014,4.999083501358084e-05
ddos_bajo,CS,16384,7,380.0,30008,30008,0.0
ddos_bajo,CMS,256,1234,310.0,30051,37786,0.25739576054041463
ddos_bajo,CMS,256,1234,320.0,60054,68074,0.13354647483931129
ddos_bajo,CMS,256,1234,330.0,90021,98018,0.08883482742915542
ddos_bajo,CMS,256,1234,340.0,90021,97977,0.08837937814509948
ddos_bajo,CMS,256,1234,350.0,90018,98162,0.0904707947299429
ddos_bajo,CMS,256,1234,360.0,90018,98118,0.08998200359928014
ddos_bajo,CMS,256,1234,370.0,60011,67933,0.1320091316591958
ddos_bajo,CMS,256,1234,380.0,30008,37332,0.24406824846707545
ddos_bajo,CS,256,1234,310.0,30051,30310,0.008618681574656418
ddos_bajo,CS,256,1234,320.0,60054,60860,0.01342125420454924
ddos_bajo,CS,256,1234,330.0,90021,91456,0.015940724941957987
ddos_bajo,CS,256,1234,340.0,90021,91470,0.016096244209684408
ddos_bajo,CS,256,1234,350.0,90018,91316,0.014419338354551312
ddos_bajo,CS,256,1234,360.0,90018,91831,0.02014041636117221
ddos_bajo,CS,256,1234,370.0,60011,61928,0.03194414357367816
ddos_bajo,CS,256,1234,380.0,30008,30960,0.031724873367102106
ddos_bajo,CMS,1024,1234,310.0,30051,31623,0.05231107117899571
ddos_bajo,CMS,1024,1234,320.0,60054,61652,0.02660938488693509
ddos_bajo,CMS,1024,1234,330.0,90021,91594,0.01747370058097555
ddos_bajo,CMS,1024,1234,340.0,90021,91639,0.017973583941524755
ddos_bajo,CMS,1024,1234,350.0,90018,91650,0.018129707391854964
ddos_bajo,CMS,1024,1234,360.0,90018,91602,0.01759648070385923
ddos_bajo,CMS,1024,1234,370.0,60011,61607,0.026595124227225007
ddos_bajo,CMS,1024,1234,380.0,30008,31710,0.05671820847773927
ddos_bajo,CS,1024,1234,310.0,30051,30253,0.006721906092975276
ddos_bajo,CS,1024,1234,320.0,60054,60252,0.003297032670596463
ddos_bajo,CS,1024,1234,330.0,90021,90196,0.0019439908465802424
ddos_bajo,CS,1024,1234,340.0,90021,90149,0.0014218904477844058
ddos_bajo,CS,1024,1234,350.0,90018,90188,0.0018885111866515586
ddos_bajo,CS,1024,1234,360.0,90018,91357,0.014874802817214336
ddos_bajo,CS,1024,1234,370.0,60011,60792,0.013014280715202213
ddos_bajo,CS,1024,1234,380.0,30008,30738,0.024326846174353507
ddos_bajo,CMS,4096,1234,310.0,30051,30405,0.011779974044124987
ddos_bajo,CMS,4096,1234,320.0,60054,60433,0.0063109867785659576
ddos_bajo,CMS,4096,1234,330.0,90021,90399,0.004199020228613324
ddos_bajo,CMS,4096,1234,340.0,90021,90410,0.004321213938969796
ddos_bajo,CMS,4096,1234,350.0,90018,90375,0.003965873491968273
ddos_bajo,CMS,4096,1234,360.0,90018,90365,0.0038547845986358284
ddos_bajo,CMS,4096,1234,370.0,60011,60361,0.005832264084917765
ddos_bajo,CMS,4096,1234,380.0,30008,30345,0.011230338576379633
ddos_bajo,CS,4096,1234,310.0,30051,30077,0.0008651958337492928
ddos_bajo,CS,4096,1234,320.0,60054,60097,0.0007160222466446864
ddos_bajo,CS,4096,1234,330.0,90021,90058,0.0004110152075626798
ddos_bajo,CS,4096,1234,340.0,90021,90068,0.0005221003987958365
ddos_bajo,CS,4096,1234,350.0,90018,90077,0.0006554244706614233
ddos_bajo,CS,4096,1234,360.0,90018,90074,0.0006220978026616899
ddos_bajo,CS,4096,1234,370.0,60011,60063,0.0008665078069020679
ddos_bajo,CS,4096,1234,380.0,30008,30053,0.0014996001066382297
ddos_bajo,CMS,16384,1234,310.0,30051,30132,0.0026954177897574125
ddos_bajo,CMS,16384,1234,320.0,60054,60136,0.0013654377726712626
ddos_bajo,CMS,16384,1234,330.0,90021,90108,0.0009664411637284634
ddos_bajo,CMS,16384,1234,340.0,90021,90103,0.0009108985681118851
ddos_bajo,CMS,16384,1234,350.0,90018,90106,0.0009775822613255127
ddos_bajo,CMS,16384,1234,360.0,90018,90104,0.0009553644826590237
ddos_bajo,CMS,16384,1234,370.0,60011,60098,0.0014497342153938445
ddos_bajo,CMS,16384,1234,380.0,30008,30091,0.0027659290855771793
ddos_bajo,CS,16384,1234,310.0,30051,30053,6.655352567302252e-05
ddos_bajo,CS,16384,1234,320.0,60054,60056,3.3303360309055184e-05
ddos_bajo,CS,16384,1234,330.0,90021,90024,3.3325557369947014e-05
ddos_bajo,CS,16384,1234,340.0,90021,90027,6.665111473989403e-05
ddos_bajo,CS,16384,1234,350.0,90018,90028,0.00011108889333244462
ddos_bajo,CS,16384,1234,360.0,90018,90024,6.665333599946678e-05
ddos_bajo,CS,16384,1234,370.0,60011,60017,9.998167002716169e-05
ddos_bajo,CS,16384,1234,380.0,30008,30015,0.0002332711276992802
scan_bajo,CMS,256,42,310.0,30000,34933,0.16443333333333332
scan_bajo,CMS,256,42,320.0,60000,66201,0.10335
scan_bajo,CMS,256,42,330.0,90000,97060,0.07844444444444444
scan_bajo,CMS,256,42,340.0,90000,96295,0.06994444444444445
scan_bajo,CMS,256,42,350.0,90000,98103,0.09003333333333334
scan_bajo,CMS,256,42,360.0,90000,99368,0.10408888888888888
scan_bajo,CMS,256,42,370.0,60000,70436,0.17393333333333333
scan_bajo,CMS,256,42,380.0,30000,39661,0.32203333333333334
scan_bajo,CS,256,42,310.0,30000,32793,0.0931
scan_bajo,CS,256,42,320.0,60000,62342,0.03903333333333334
scan_bajo,CS,256,42,330.0,90000,89254,0.008288888888888889
scan_bajo,CS,256,42,340.0,90000,92704,0.030044444444444443
scan_bajo,CS,256,42,350.0,90000,93552,0.039466666666666664
scan_bajo,CS,256,42,360.0,90000,93858,0.042866666666666664
scan_bajo,CS,256,42,370.0,60000,64221,0.07035
scan_bajo,CS,256,42,380.0,30000,34213,0.14043333333333333
scan_bajo,CMS,1024,42,310.0,30000,30880,0.029333333333333333
scan_bajo,CMS,1024,42,320.0,60000,60916,0.015266666666666666
scan_bajo,CMS,1024,42,330.0,90000,90831,0.009233333333333333
scan_bajo,CMS,1024,42,340.0,90000,90794,0.008822222222222223
scan_bajo,CMS,1024,42,350.0,90000,90760,0.008444444444444444
scan_bajo,CMS,1024,42,360.0,90000,90736,0.008177777777777779
scan_bajo,CMS,1024,42,370.0,60000,60700,0.011666666666666667
scan_bajo,CMS,1024,42,380.0,30000,30747,0.0249
scan_bajo,CS,1024,42,310.0,30000,29776,0.007466666666666667
scan_bajo,CS,1024,42,320.0,60000,59754,0.0041
scan_bajo,CS,1024,42,330.0,90000,89847,0.0017
scan_bajo,CS,1024,42,340.0,90000,89894,0.0011777777777777778
scan_bajo,CS,1024,42,350.0,90000,89926,0.0008222222222222222
scan_bajo,CS,1024,42,360.0,90000,89924,0.0008444444444444444
scan_bajo,CS,1024,42,370.0,60000,59982,0.0003
scan_bajo,CS,1024,42,380.0,30000,29680,0.010666666666666666
scan_bajo,CMS,4096,42,310.0,30000,30141,0.0047
scan_bajo,CMS,4096,42,320.0,60000,60127,0.002116666666666667
scan_bajo,CMS,4096,42,330.0,90000,90115,0.0012777777777777779
scan_bajo,CMS,4096,42,340.0,90000,90118,0.0013111111111111112
scan_bajo,CMS,4096,42,350.0,90000,90123,0.0013666666666666666
scan_bajo,CMS,4096,42,360.0,90000,90123,0.0013666666666666666
scan_bajo,CMS,4096,42,370.0,60000,60132,0.0022
scan_bajo,CMS,4096,42,380.0,30000,30132,0.0044
scan_bajo,CS,4096,42,310.0,30000,29959,0.0013666666666666666
scan_bajo,CS,4096,42,320.0,60000,59959,0.0006833333333333333
scan_bajo,CS,4096,42,330.0,90000,89977,0.0002555555555555556
scan_bajo,CS,4096,42,340.0,90000,89992,8.888888888888889e-05
scan_bajo,CS,4096,42,350.0,90000,89987,0.00014444444444444444
scan_bajo,CS,4096,42,360.0,90000,89987,0.00014444444444444444
scan_bajo,CS,4096,42,370.0,60000,59968,0.0005333333333333334
scan_bajo,CS,4096,42,380.0,30000,29973,0.0009
scan_bajo,CMS,16384,42,310.0,30000,30029,0.0009666666666666667
scan_bajo,CMS,16384,42,320.0,60000,60027,0.00045
scan_bajo,CMS,16384,42,330.0,90000,90023,0.0002555555555555556
scan_bajo,CMS,16384,42,340.0,90000,90020,0.00022222222222222223
scan_bajo,CMS,16384,42,350.0,90000,90020,0.00022222222222222223
scan_bajo,CMS,16384,42,360.0,90000,90023,0.0002555555555555556
scan_bajo,CMS,16384,42,370.0,60000,60015,0.00025
scan_bajo,CMS,16384,42,380.0,30000,30024,0.0008
scan_bajo,CS,16384,42,310.0,30000,29997,0.0001
scan_bajo,CS,16384,42,320.0,60000,59997,5e-05
scan_bajo,CS,16384,42,330.0,90000,89997,3.3333333333333335e-05
scan_bajo,CS,16384,42,340.0,90000,89998,2.2222222222222223e-05
scan_bajo,CS,16384,42,350.0,90000,89989,0.00012222222222222221
scan_bajo,CS,16384,42,360.0,90000,89990,0.00011111111111111112
scan_bajo,CS,16384,42,370.0,60000,59976,0.0004
scan_bajo,CS,16384,42,380.0,30000,29977,0.0007666666666666667
scan_bajo,CMS,256,7,310.0,30000,34847,0.16156666666666666
scan_bajo,CMS,256,7,320.0,60000,65173,0.08621666666666666
scan_bajo,CMS,256,7,330.0,90000,95126,0.05695555555555556
scan_bajo,CMS,256,7,340.0,90000,95425,0.06027777777777778
scan_bajo,CMS,256,7,350.0,90000,94629,0.05143333333333333
scan_bajo,CMS,256,7,360.0,90000,93945,0.043833333333333335
scan_bajo,CMS,256,7,370.0,60000,63885,0.06475
scan_bajo,CMS,256,7,380.0,30000,33816,0.1272
scan_bajo,CS,256,7,310.0,30000,24579,0.1807
scan_bajo,CS,256,7,320.0,60000,56905,0.051583333333333335
scan_bajo,CS,256,7,330.0,90000,87118,0.03202222222222222
scan_bajo,CS,256,7,340.0,90000,87609,0.026566666666666666
scan_bajo,CS,256,7,350.0,90000,88592,0.015644444444444443
scan_bajo,CS,256,7,360.0,90000,89087,0.010144444444444444
scan_bajo,CS,256,7,370.0,60000,59323,0.011283333333333333
scan_bajo,CS,256,7,380.0,30000,29322,0.0226
scan_bajo,CMS,1024,7,310.0,30000,30908,0.030266666666666667
scan_bajo,CMS,1024,7,320.0,60000,60854,0.014233333333333334
scan_bajo,CMS,1024,7,330.0,90000,90660,0.007333333333333333
scan_bajo,CMS,1024,7,340.0,90000,90684,0.0076
scan_bajo,CMS,1024,7,350.0,90000,90683,0.007588888888888889
scan_bajo,CMS,1024,7,360.0,90000,90584,0.006488888888888889
scan_bajo,CMS,1024,7,370.0,60000,60585,0.00975
scan_bajo,CMS,1024,7,380.0,30000,30566,0.018866666666666667
scan_bajo,CS,1024,7,310.0,30000,29890,0.0036666666666666666
scan_bajo,CS,1024,7,320.0,60000,60020,0.0003333333333333333
scan_bajo,CS,1024,7,330.0,90000,89781,0.0024333333333333334
scan_bajo,CS,1024,7,340.0,90000,89869,0.0014555555555555556
scan_bajo,CS,1024,7,350.0,90000,89793,0.0023
scan_bajo,CS,1024,7,360.0,90000,89846,0.0017111111111111112
scan_bajo,CS,1024,7,370.0,60000,59833,0.0027833333333333334
scan_bajo,CS,1024,7,380.0,30000,29894,0.003533333333333333
scan_bajo,CMS,4096,7,310.0,30000,30083,0.002766666666666667
scan_bajo,CMS,4096,7,320.0,60000,60082,0.0013666666666666666
scan_bajo,CMS,4096,7,330.0,90000,90075,0.0008333333333333334
scan_bajo,CMS,4096,7,340.0,90000,90083,0.0009222222222222222
scan_bajo,CMS,4096,7,350.0,90000,90090,0.001
scan_bajo,CMS,4096,7,360.0,90000,90090,0.001
scan_bajo,CMS,4096,7,370.0,60000,60092,0.0015333333333333334
scan_bajo,CMS,4096,7,380.0,30000,30105,0.0035
scan_bajo,CS,4096,7,310.0,30000,30013,0.0004333333333333333
scan_bajo,CS,4096,7,320.0,60000,60006,0.0001
scan_bajo,CS,4096,7,330.0,90000,90003,3.3333333333333335e-05
scan_bajo,CS,4096,7,340.0,90000,90005,5.555555555555556e-05
scan_bajo,CS,4096,7,350.0,90000,90010,0.00011111111111111112
scan_bajo,CS,4096,7,360.0,90000,90022,0.00024444444444444443
scan_bajo,CS,4096,7,370.0,60000,60022,0.00036666666666666667
scan_bajo,CS,4096,7,380.0,30000,30013,0.0004333333333333333
scan_bajo,CMS,16384,7,310.0,30000,30022,0.0007333333333333333
scan_bajo,CMS,16384,7,320.0,60000,60023,0.00038333333333333334
scan_bajo,CMS,16384,7,330.0,90000,90017,0.00018888888888888888
scan_bajo,CMS,16384,7,340.0,90000,90023,0.0002555555555555556
scan_bajo,CMS,16384,7,350.0,90000,90027,0.0003
scan_bajo,CMS,16384,7,360.0,90000,90023,0.0002555555555555556
scan_bajo,CMS,16384,7,370.0,60000,60023,0.00038333333333333334
scan_bajo,CMS,16384,7,380.0,30000,30022,0.0007333333333333333
scan_bajo,CS,16384,7,310.0,30000,29995,0.00016666666666666666
scan_bajo,CS,16384,7,320.0,60000,59997,5e-05
scan_bajo,CS,16384,7,330.0,90000,90003,3.3333333333333335e-05
scan_bajo,CS,16384,7,340.0,90000,90005,5.555555555555556e-05
scan_bajo,CS,16384,7,350.0,90000,90007,7.777777777777778e-05
scan_bajo,CS,16384,7,360.0,90000,90005,5.555555555555556e-05
scan_bajo,CS,16384,7,370.0,60000,60003,5e-05
scan_bajo,CS,16384,7,380.0,30000,29998,6.666666666666667e-05
scan_bajo,CMS,256,1234,310.0,30000,37515,0.2505
scan_bajo,CMS,256,1234,320.0,60000,67255,0.12091666666666667
scan_bajo,CMS,256,1234,330.0,90000,96805,0.07561111111111112
scan_bajo,CMS,256,1234,340.0,90000,96360,0.07066666666666667
scan_bajo,CMS,256,1234,350.0,90000,95942,0.06602222222222222
scan_bajo,CMS,256,1234,360.0,90000,95873,0.06525555555555555
scan_bajo,CMS,256,1234,370.0,60000,65675,0.09458333333333334
scan_bajo,CMS,256,1234,380.0,30000,34932,0.1644
scan_bajo,CS,256,1234,310.0,30000,26354,0.12153333333333333
scan_bajo,CS,256,1234,320.0,60000,58524,0.0246
scan_bajo,CS,256,1234,330.0,90000,92003,0.022255555555555556
scan_bajo,CS,256,1234,340.0,90000,92993,0.03325555555555555
scan_bajo,CS,256,1234,350.0,90000,91457,0.016188888888888888
scan_bajo,CS,256,1234,360.0,90000,89932,0.0007555555555555555
scan_bajo,CS,256,1234,370.0,60000,57715,0.03808333333333333
scan_bajo,CS,256,1234,380.0,30000,28504,0.04986666666666666
scan_bajo,CMS,1024,1234,310.0,30000,30475,0.015833333333333335
scan_bajo,CMS,1024,1234,320.0,60000,60450,0.0075
scan_bajo,CMS,1024,1234,330.0,90000,90449,0.004988888888888889
scan_bajo,CMS,1024,1234,340.0,90000,90470,0.005222222222222222
scan_bajo,CMS,1024,1234,350.0,90000,90474,0.005266666666666667
scan_bajo,CMS,1024,1234,360.0,90000,90447,0.004966666666666667
scan_bajo,CMS,1024,1234,370.0,60000,60433,0.007216666666666666
scan_bajo,CMS,1024,1234,380.0,30000,30437,0.014566666666666667
scan_bajo,CS,1024,1234,310.0,30000,29994,0.0002
scan_bajo,CS,1024,1234,320.0,60000,59998,3.3333333333333335e-05
scan_bajo,CS,1024,1234,330.0,90000,89993,7.777777777777778e-05
scan_bajo,CS,1024,1234,340.0,90000,90003,3.3333333333333335e-05
scan_bajo,CS,1024,1234,350.0,90000,89995,5.555555555555556e-05
scan_bajo,CS,1024,1234,360.0,90000,89975,0.0002777777777777778
scan_bajo,CS,1024,1234,370.0,60000,60009,0.00015
scan_bajo,CS,1024,1234,380.0,30000,30013,0.0004333333333333333
scan_bajo,CMS,4096,1234,310.0,30000,30129,0.0043
scan_bajo,CMS,4096,1234,320.0,60000,60122,0.002033333333333333
scan_bajo,CMS,4096,1234,330.0,90000,90111,0.0012333333333333332
scan_bajo,CMS,4096,1234,340.0,90000,90114,0.0012666666666666666
scan_bajo,CMS,4096,1234,350.0,90000,90116,0.001288888888888889
scan_bajo,CMS,4096,1234,360.0,90000,90100,0.0011111111111111111
scan_bajo,CMS,4096,1234,370.0,60000,60084,0.0014
scan_bajo,CMS,4096,1234,380.0,30000,30080,0.0026666666666666666
scan_bajo,CS,4096,1234,310.0,30000,30045,0.0015
scan_bajo,CS,4096,1234,320.0,60000,60036,0.0006
scan_bajo,CS,4096,1234,330.0,90000,90047,0.0005222222222222222
scan_bajo,CS,4096,1234,340.0,90000,90044,0.0004888888888888889
scan_bajo,CS,4096,1234,350.0,90000,90040,0.00044444444444444447
scan_bajo,CS,4096,1234,360.0,90000,90044,0.0004888888888888889
scan_bajo,CS,4096,1234,370.0,60000,60042,0.0007
scan_bajo,CS,4096,1234,380.0,30000,30042,0.0014
scan_bajo,CMS,16384,1234,310.0,30000,30023,0.0007666666666666667
scan_bajo,CMS,16384,1234,320.0,60000,60024,0.0004
scan_bajo,CMS,16384,1234,330.0,90000,90026,0.0002888888888888889
scan_bajo,CMS,16384,1234,340.0,90000,90023,0.0002555555555555556
scan_bajo,CMS,16384,1234,350.0,90000,90022,0.00024444444444444443
scan_bajo,CMS,16384,1234,360.0,90000,90024,0.0002666666666666667
scan_bajo,CMS,16384,1234,370.0,60000,60023,0.00038333333333333334
scan_bajo,CMS,16384,1234,380.0,30000,30022,0.0007333333333333333
scan_bajo,CS,16384,1234,310.0,30000,30001,3.3333333333333335e-05
scan_bajo,CS,16384,1234,320.0,60000,59999,1.6666666666666667e-05
scan_bajo,CS,16384,1234,330.0,90000,89998,2.2222222222222223e-05
scan_bajo,CS,16384,1234,340.0,90000,89999,1.1111111111111112e-05
scan_bajo,CS,16384,1234,350.0,90000,89996,4.4444444444444447e-05
scan_bajo,CS,16384,1234,360.0,90000,90003,3.3333333333333335e-05
scan_bajo,CS,16384,1234,370.0,60000,60003,5e-05
scan_bajo,CS,16384,1234,380.0,30000,30007,0.00023333333333333333
