ataque,sketch,w,semilla,J,MRE,memoria_KB,latencia_s,latencia_exacta_s,FP,FN,t_FP,t_FN
ddos,CMS,256,42,8,0.07563039048756626,35.0,10.0,10.0,0,0,,
ddos,CS,256,42,8,0.038889148640175696,35.0,10.0,10.0,0,0,,
ddos,CMS,1024,42,8,0.008625284428340343,140.0,10.0,10.0,0,0,,
ddos,CS,1024,42,8,0.001870885858947578,140.0,10.0,10.0,0,0,,
ddos,CMS,4096,42,8,0.002100022165008029,560.0,10.0,10.0,0,0,,
ddos,CS,4096,42,8,7.124001409644558e-05,560.0,10.0,10.0,0,0,,
ddos,CMS,16384,42,8,0.00043928880810968586,2240.0,10.0,10.0,0,0,,
ddos,CS,16384,42,8,4.4154588587786756e-05,2240.0,10.0,10.0,0,0,,
ddos,CMS,256,7,8,0.039021454927884024,35.0,10.0,10.0,0,0,,
ddos,CS,256,7,8,0.0018483754051005809,35.0,10.0,10.0,0,0,,
ddos,CMS,1024,7,8,0.008125701031671397,140.0,10.0,10.0,0,0,,
ddos,CS,1024,7,8,0.00032097944858814714,140.0,10.0,10.0,0,0,,
ddos,CMS,4096,7,8,0.0019071140817271395,560.0,10.0,10.0,0,0,,
ddos,CS,4096,7,8,9.414658555835483e-05,560.0,10.0,10.0,0,0,,
ddos,CMS,16384,7,8,0.0004201271570156947,2240.0,10.0,10.0,0,0,,
ddos,CS,16384,7,8,2.5411350963357305e-05,2240.0,10.0,10.0,0,0,,
ddos,CMS,256,1234,8,0.042194759123952895,35.0,10.0,10.0,0,0,,
ddos,CS,256,1234,8,0.005712917695796408,35.0,10.0,10.0,0,0,,
ddos,CMS,1024,1234,8,0.00875666359909559,140.0,10.0,10.0,0,0,,
ddos,CS,1024,1234,8,0.0025315664879836885,140.0,10.0,10.0,0,0,,
ddos,CMS,4096,1234,8,0.0019319164716116934,560.0,10.0,10.0,0,0,,
ddos,CS,4096,1234,8,0.0002310062341265223,560.0,10.0,10.0,0,0,,
ddos,CMS,16384,1234,8,0.0004534556533662415,2240.0,10.0,10.0,0,0,,
ddos,CS,16384,1234,8,2.666348626739653e-05,2240.0,10.0,10.0,0,0,,
scan,CMS,256,42,8,0.05185598958333334,35.0,10.0,20.0,2,0,310 380,
scan,CS,256,42,8,0.02173046875,35.0,10.0,20.0,2,0,310 380,
scan,CMS,1024,42,8,0.005430208333333334,140.0,20.0,20.0,0,0,,
scan,CS,1024,42,8,0.0012692708333333332,140.0,20.0,20.0,0,0,,
scan,CMS,4096,42,8,0.0008783854166666666,560.0,20.0,20.0,0,0,,
scan,CS,4096,42,8,0.00019296875,560.0,20.0,20.0,0,0,,
scan,CMS,16384,42,8,0.00016041666666666667,2240.0,20.0,20.0,0,0,,
scan,CS,16384,42,8,7.526041666666666e-05,2240.0,20.0,20.0,0,0,,
scan,CMS,256,7,8,0.0305734375,35.0,10.0,20.0,2,0,310 380,
scan,CS,256,7,8,0.01643177083333333,35.0,20.0,20.0,0,0,,
scan,CMS,1024,7,8,0.0047872395833333335,140.0,20.0,20.0,0,0,,
scan,CS,1024,7,8,0.0008539062500000001,140.0,20.0,20.0,0,0,,
scan,CMS,4096,7,8,0.0006057291666666667,560.0,20.0,20.0,0,0,,
scan,CS,4096,7,8,8.333333333333334e-05,560.0,20.0,20.0,0,0,,
scan,CMS,16384,7,8,0.0001515625,2240.0,20.0,20.0,0,0,,
scan,CS,16384,7,8,2.6041666666666665e-05,2240.0,20.0,20.0,0,0,,
scan,CMS,256,1234,8,0.04256041666666667,35.0,10.0,20.0,2,0,310 380,
scan,CS,256,1234,8,0.014369010416666668,35.0,20.0,20.0,0,0,,
scan,CMS,1024,1234,8,0.0030731770833333336,140.0,20.0,20.0,0,0,,
scan,CS,1024,1234,8,5.911458333333333e-05,140.0,20.0,20.0,0,0,,
scan,CMS,4096,1234,8,0.0007171874999999999,560.0,20.0,20.0,0,0,,
scan,CS,4096,1234,8,0.0002880208333333333,560.0,20.0,20.0,0,0,,
scan,CMS,16384,1234,8,0.00015651041666666667,2240.0,20.0,20.0,0,0,,
scan,CS,16384,1234,8,2.0833333333333333e-05,2240.0,20.0,20.0,0,0,,
ddos_bajo,CMS,256,42,8,0.25196678474829837,35.0,30.0,30.0,0,0,,
ddos_bajo,CS,256,42,8,0.12955106643939943,35.0,30.0,30.0,0,0,,
ddos_bajo,CMS,1024,42,8,0.02873859184476052,140.0,30.0,30.0,0,0,,
ddos_bajo,CS,1024,42,8,0.0062350750219736725,140.0,30.0,30.0,0,0,,
ddos_bajo,CMS,4096,42,8,0.006997009242307268,560.0,30.0,30.0,0,0,,
ddos_bajo,CS,4096,42,8,0.00023738911382192952,560.0,30.0,30.0,0,0,,
ddos_bajo,CMS,16384,42,8,0.0014636264757740781,2240.0,30.0,30.0,0,0,,
ddos_bajo,CS,16384,42,8,0.00014708815735084522,2240.0,30.0,30.0,0,0,,
ddos_bajo,CMS,256,7,8,0.13001484551473297,35.0,30.0,30.0,0,0,,
ddos_bajo,CS,256,7,8,0.0061583415527260415,35.0,30.0,30.0,0,0,,
ddos_bajo,CMS,1024,7,8,0.02707331377292921,140.0,30.0,30.0,0,0,,
ddos_bajo,CS,1024,7,8,0.0010694481605536274,140.0,30.0,30.0,0,0,,
ddos_bajo,CMS,4096,7,8,0.00635404911293624,560.0,30.0,30.0,0,0,,
ddos_bajo,CS,4096,7,8,0.00031366595789001554,560.0,30.0,30.0,0,0,,
ddos_bajo,CMS,16384,7,8,0.001399793260190851,2240.0,30.0,30.0,0,0,,
ddos_bajo,CS,16384,7,8,8.46632107549524e-05,2240.0,30.0,30.0,0,0,,
ddos_bajo,CMS,256,1234,8,0.14058582742618442,35.0,30.0,30.0,0,0,,
ddos_bajo,CS,256,1234,8,0.01903820957341898,35.0,30.0,30.0,0,0,,
ddos_bajo,CMS,1024,1234,8,0.029175907673638694,140.0,30.0,30.0,0,0,,
ddos_bajo,CS,1024,1234,8,0.00843615761891975,140.0,30.0,30.0,0,0,,
ddos_bajo,CMS,4096,1234,8,0.006436806967771946,560.0,30.0,30.0,0,0,,
ddos_bajo,CS,4096,1234,8,0.0007697454842019884,560.0,30.0,30.0,0,0,,
ddos_bajo,CMS,16384,1234,8,0.0015108506674030731,2240.0,30.0,30.0,0,0,,
ddos_bajo,CS,16384,1234,8,8.8853573143784e-05,2240.0,30.0,30.0,0,0,,
scan_bajo,CMS,256,42,8,0.1382826388888889,35.0,30.0,30.0,0,0,,
scan_bajo,CS,256,42,8,0.05794791666666666,35.0,30.0,30.0,0,0,,
scan_bajo,CMS,1024,42,8,0.014480555555555554,140.0,30.0,30.0,0,0,,
scan_bajo,CS,1024,42,8,0.003384722222222222,140.0,30.0,30.0,0,0,,
scan_bajo,CMS,4096,42,8,0.002342361111111111,560.0,30.0,30.0,0,0,,
scan_bajo,CS,4096,42,8,0.0005145833333333333,560.0,30.0,30.0,0,0,,
scan_bajo,CMS,16384,42,8,0.00042777777777777785,2240.0,30.0,30.0,0,0,,
scan_bajo,CS,16384,42,8,0.00020069444444444448,2240.0,30.0,30.0,0,0,,
scan_bajo,CMS,256,7,8,0.08152916666666667,35.0,30.0,30.0,0,0,,
scan_bajo,CS,256,7,8,0.043818055555555555,35.0,30.0,30.0,0,0,,
scan_bajo,CMS,1024,7,8,0.012765972222222222,140.0,30.0,30.0,0,0,,
scan_bajo,CS,1024,7,8,0.002277083333333333,140.0,30.0,30.0,0,0,,
scan_bajo,CMS,4096,7,8,0.0016152777777777778,560.0,30.0,30.0,0,0,,
scan_bajo,CS,4096,7,8,0.00022222222222222223,560.0,30.0,30.0,0,0,,
scan_bajo,CMS,16384,7,8,0.00040416666666666666,2240.0,30.0,30.0,0,0,,
scan_bajo,CS,16384,7,8,6.944444444444444e-05,2240.0,30.0,30.0,0,0,,
scan_bajo,CMS,256,1234,8,0.11349444444444445,35.0,30.0,30.0,0,0,,
scan_bajo,CS,256,1234,8,0.038317361111111115,35.0,30.0,30.0,0,0,,
scan_bajo,CMS,1024,1234,8,0.008195138888888889,140.0,30.0,30.0,0,0,,
scan_bajo,CS,1024,1234,8,0.00015763888888888886,140.0,30.0,30.0,0,0,,
scan_bajo,CMS,4096,1234,8,0.0019124999999999997,560.0,30.0,30.0,0,0,,
scan_bajo,CS,4096,1234,8,0.0007680555555555555,560.0,30.0,30.0,0,0,,
scan_bajo,CMS,16384,1234,8,0.0004173611111111111,2240.0,30.0,30.0,0,0,,
scan_bajo,CS,16384,1234,8,5.555555555555556e-05,2240.0,30.0,30.0,0,0,,
