ataque,sketch,w,J,MRE_s42,memoria_KB,latencia_s,latencia_exacta_s,FP,t_FP,FN,MRE_media,MRE_std,lat_min,lat_max,FP_total
ddos,CMS,256,8,0.07563039048756626,35.0,10.0,10.0,0,,0,0.052282201513134396,0.020282280719128545,10.0,10.0,0
ddos,CS,256,8,0.038889148640175696,35.0,10.0,10.0,0,,0,0.015483480580357561,0.020361793751384902,10.0,10.0,0
ddos,CMS,1024,8,0.008625284428340343,140.0,10.0,10.0,0,,0,0.00850254968636911,0.0003329058471064921,10.0,10.0,0
ddos,CS,1024,8,0.001870885858947578,140.0,10.0,10.0,0,,0,0.001574477265173138,0.0011347102297650233,10.0,10.0,0
ddos,CMS,4096,8,0.002100022165008029,560.0,10.0,10.0,0,,0,0.001979684239448954,0.00010495094988561305,10.0,10.0,0
ddos,CS,4096,8,7.124001409644558e-05,560.0,10.0,10.0,0,,0,0.00013213094459377424,8.639108700655096e-05,10.0,10.0,0
ddos,CMS,16384,8,0.00043928880810968586,2240.0,10.0,10.0,0,,0,0.0004376238728305407,1.6726511123360713e-05,10.0,10.0,0
ddos,CS,16384,8,4.4154588587786756e-05,2240.0,10.0,10.0,0,,0,3.2076475272846865e-05,1.0478672465598948e-05,10.0,10.0,0
scan,CMS,256,8,0.05185598958333334,35.0,10.0,20.0,2,310 380,0,0.04166328125,0.010669601434066188,10.0,10.0,6
scan,CS,256,8,0.02173046875,35.0,10.0,20.0,2,310 380,0,0.017510416666666667,0.003797416861983445,10.0,20.0,2
scan,CMS,1024,8,0.005430208333333334,140.0,20.0,20.0,0,,0,0.004430208333333334,0.0012184016429226294,20.0,20.0,0
scan,CS,1024,8,0.0012692708333333332,140.0,20.0,20.0,0,,0,0.0007274305555555555,0.0006149118744319538,20.0,20.0,0
scan,CMS,4096,8,0.0008783854166666666,560.0,20.0,20.0,0,,0,0.0007337673611111111,0.00013708218889361013,20.0,20.0,0
scan,CS,4096,8,0.00019296875,560.0,20.0,20.0,0,,0,0.0001881076388888889,0.00010243029808112648,20.0,20.0,0
scan,CMS,16384,8,0.00016041666666666667,2240.0,20.0,20.0,0,,0,0.00015616319444444445,4.437283999698631e-06,20.0,20.0,0
scan,CS,16384,8,7.526041666666666e-05,2240.0,20.0,20.0,0,,0,4.071180555555555e-05,3.0033091437743633e-05,20.0,20.0,0
ddos_bajo,CMS,256,8,0.25196678474829837,35.0,30.0,30.0,0,,0,0.1741891525630719,0.06756446156004159,30.0,30.0,0
ddos_bajo,CS,256,8,0.12955106643939943,35.0,30.0,30.0,0,,0,0.05158253918851482,0.06782913224648808,30.0,30.0,0
ddos_bajo,CMS,1024,8,0.02873859184476052,140.0,30.0,30.0,0,,0,0.028329271097109476,0.0011094516139374406,30.0,30.0,0
ddos_bajo,CS,1024,8,0.0062350750219736725,140.0,30.0,30.0,0,,0,0.00524689360048235,0.003781465185920754,30.0,30.0,0
ddos_bajo,CMS,4096,8,0.006997009242307268,560.0,30.0,30.0,0,,0,0.006595955107671817,0.0003497792586981025,30.0,30.0,0
ddos_bajo,CS,4096,8,0.00023738911382192952,560.0,30.0,30.0,0,,0,0.00044026685197131113,0.00028787439284815725,30.0,30.0,0
ddos_bajo,CMS,16384,8,0.0014636264757740781,2240.0,30.0,30.0,0,,0,0.0014580901344560006,5.573531403489192e-05,30.0,30.0,0
ddos_bajo,CS,16384,8,0.00014708815735084522,2240.0,30.0,30.0,0,,0,0.00010686831374986055,3.4894364139545294e-05,30.0,30.0,0
scan_bajo,CMS,256,8,0.1382826388888889,35.0,30.0,30.0,0,,0,0.11110208333333334,0.028452270490843173,30.0,30.0,0
scan_bajo,CS,256,8,0.05794791666666666,35.0,30.0,30.0,0,,0,0.04669444444444445,0.010126444965289194,30.0,30.0,0
scan_bajo,CMS,1024,8,0.014480555555555554,140.0,30.0,30.0,0,,0,0.011813888888888888,0.0032490710477936775,30.0,30.0,0
scan_bajo,CS,1024,8,0.003384722222222222,140.0,30.0,30.0,0,,0,0.0019398148148148146,0.0016397649984852102,30.0,30.0,0
scan_bajo,CMS,4096,8,0.002342361111111111,560.0,30.0,30.0,0,,0,0.0019567129629629626,0.00036555250371629394,30.0,30.0,0
scan_bajo,CS,4096,8,0.0005145833333333333,560.0,30.0,30.0,0,,0,0.0005016203703703703,0.0002731474615496706,30.0,30.0,0
scan_bajo,CMS,16384,8,0.00042777777777777785,2240.0,30.0,30.0,0,,0,0.0004164351851851852,1.1832757332529718e-05,30.0,30.0,0
scan_bajo,CS,16384,8,0.00020069444444444448,2240.0,30.0,30.0,0,,0,0.00010856481481481482,8.008824383398306e-05,30.0,30.0,0
