6,8392145,423
7,8397632,414
8,8406585,410
9,8356687,412
10,8308913,396
11,8505489,381
12,8561890,424
13,8662598,431
14,8631929,396
15,8635328,406
16,8659999,435
17,8522720,410
18,8511020,364
19,8505925,343
20,8600161,387
21,8660487,379
22,8634002,368
23,8672194,356
24,8660223,392
25,8542364,401
26,8431634,379
27,8308927,417
28,8242696,399
29,8204007,402
30,8158447,389
31,8234876,100389
32,8282160,200384
33,8354059,300343
34,8366537,300358
35,8373163,300361
36,8393844,300348
37,8377721,200326
38,8329512,100349
39,8264349,342
40,8253685,333
41,8209604,332
42,8176036,335
43,8135455,327
44,8115758,322
45,8151816,322
46,8131359,316
47,8157028,311
48,8171124,318
49,8129099,323
50,8102408,329
51,8020301,333
52,8069098,347
53,8024260,349
54,8008212,351
55,8055878,348
56,8092644,353
57,8113477,350
58,8069889,340
59,8153440,344
60,8218233,350
61,8349099,346
62,8495488,358
63,8596845,353
64,8728519,337
65,8769964,349
66,8765876,352
67,8585004,332
68,8423531,340
69,8296156,339
70,8054609,353
71,7640055,356
72,7448771,357
73,7470691,373
74,7509305,364
75,7565545,373
76,7764024,370
77,8059457,377
78,8119716,355
79,8113643,333
80,8096925,357
81,8017487,353
82,7925262,355
83,7921756,355
84,7907980,354
85,7874971,347
86,7831394,325
87,7855241,332
88,7963123,335
89,8045569,357
